Workbook

Sheet Инструкция
A1: Шаблон для загрузки рецептов
A3: Как заполнять
A4: 1. Лист «Ингредиенты» — добавь все ингредиенты: одна строка = один ингредиент.
A5: 2. Лист «Рецепты» — добавь рецепты: одна строка = один рецепт (название + описание).
A6: 3. Лист «Состав» — по одной строке на каждую пару «рецепт — ингредиент». Рецепт и ингредиент выбираются из выпадающих списков.
A7: 4. Следи за колонкой «Проверка»: в каждой заполненной строке должно быть «OK». Красное значение — ошибка, её нужно исправить до отправки.
A8: 5. Ничего не добавляй над строкой заголовков, не переименовывай и не переставляй листы и колонки — по ним работает загрузчик.
A10: Обозначения заголовков
A11: Обязательное поле
A12: Необязательное поле
A13: Служебная колонка (не заполнять)
A15: Правила
... A24: Лист «Ингредиенты»
A25: Название | B25: Калории (ккал на 100 г) | C25: Белки (г на 100 г) | D25: Жиры (г на 100 г) | E25: Углеводы (г на 100 г)
A26: Куриное филе | B26: 110 | C26: 23.1 | D26: 1.2 | E26: 0
A27: Рис | B27: 130 | C27: 2.7 | D27: 0.3 | E27: 28
A28: Соль
A30: Лист «Рецепты»
A31: Название | B31: Описание
A32: Курица с рисом | B32: Обжарить филе, отварить рис, подать вместе.
A34: Лист «Состав»
A35: Рецепт | B35: Ингредиент | C35: Количество, г | D35: Своё количество (целое число) | E35: Своя единица
A36: Курица с рисом | B36: Куриное филе | C36: 200 | D36: 1 | E36: шт
A37: Курица с рисом | B37: Рис | C37: 150
A38: Курица с рисом | B38: Соль | C38: 3 | D38: 1 | E38: ч. л.
A40: Соответствие полям БД (для разработчика)
A41: Ингредиенты → Ingredient: Название → name, Калории → calories, Белки → proteins, Жиры → fats, Углеводы → carbohydrates
A42: Рецепты → Recipe: Название → name, Описание → description
A43: Состав → RecipeIngredient: Рецепт → recipeId (по Recipe.name), Ингредиент → ingredientId (по Ingredient.name), Количество, г → amountGr, Своё количество → customAmount, Своя единица → customUnit

Sheet Ингредиенты
A1: Название | B1: Калории (ккал на 100 г) | C1: Белки (г на 100 г) | D1: Жиры (г на 100 г) | E1: Углеводы (г на 100 г) | F1: Проверка
F2: =IF(A2="","",IF(A2<>TRIM(A2),"Лишние пробелы в названии",IF(COUNTIF($A$2:$A$1000,A2)>1,"Дубль названия","OK")))
F3: =IF(A3="","",IF(A3<>TRIM(A3),"Лишние пробелы в названии",IF(COUNTIF($A$2:$A$1000,A3)>1,"Дубль названия","OK")))
F4: =IF(A4="","",IF(A4<>TRIM(A4),"Лишние пробелы в названии",IF(COUNTIF($A$2:$A$1000,A4)>1,"Дубль названия","OK")))
F5: =IF(A5="","",IF(A5<>TRIM(A5),"Лишние пробелы в названии",IF(COUNTIF($A$2:$A$1000,A5)>1,"Дубль названия","OK")))
F6: =IF(A6="","",IF(A6<>TRIM(A6),"Лишние пробелы в названии",IF(COUNTIF($A$2:$A$1000,A6)>1,"Дубль названия","OK")))
F7: =IF(A7="","",IF(A7<>TRIM(A7),"Лишние пробелы в названии",IF(COUNTIF($A$2:$A$1000,A7)>1,"Дубль названия","OK")))
F8: =IF(A8="","",IF(A8<>TRIM(A8),"Лишние пробелы в названии",IF(COUNTIF($A$2:$A$1000,A8)>1,"Дубль названия","OK")))
F9: =IF(A9="","",IF(A9<>TRIM(A9),"Лишние пробелы в названии",IF(COUNTIF($A$2:$A$1000,A9)>1,"Дубль названия","OK")))
F10: =IF(A10="","",IF(A10<>TRIM(A10),"Лишние пробелы в названии",IF(COUNTIF($A$2:$A$1000,A10)>1,"Дубль названия","OK")))
F11: =IF(A11="","",IF(A11<>TRIM(A11),"Лишние пробелы в названии",IF(COUNTIF($A$2:$A$1000,A11)>1,"Дубль названия","OK")))
F12: =IF(A12="","",IF(A12<>TRIM(A12),"Лишние пробелы в названии",IF(COUNTIF($A$2:$A$1000,A12)>1,"Дубль названия","OK")))
F13: =IF(A13="","",IF(A13<>TRIM(A13),"Лишние пробелы в названии",IF(COUNTIF($A$2:$A$1000,A13)>1,"Дубль названия","OK")))
... F1000: =IF(A1000="","",IF(A1000<>TRIM(A1000),"Лишние пробелы в названии",IF(COUNTIF($A$2:$A$1000,A1000)>1,"Дубль названия","OK")))

Sheet Рецепты
A1: Название | B1: Описание | C1: Проверка
C2: =IF(AND(A2="",B2=""),"",IF(A2="","Нет названия",IF(B2="","Нет описания",IF(A2<>TRIM(A2),"Лишние пробелы в названии",IF(COUNTIF($A$2:$A$500,A2)>1,"Дубль названия","OK")))))
C3: =IF(AND(A3="",B3=""),"",IF(A3="","Нет названия",IF(B3="","Нет описания",IF(A3<>TRIM(A3),"Лишние пробелы в названии",IF(COUNTIF($A$2:$A$500,A3)>1,"Дубль названия","OK")))))
C4: =IF(AND(A4="",B4=""),"",IF(A4="","Нет названия",IF(B4="","Нет описания",IF(A4<>TRIM(A4),"Лишние пробелы в названии",IF(COUNTIF($A$2:$A$500,A4)>1,"Дубль названия","OK")))))
C5: =IF(AND(A5="",B5=""),"",IF(A5="","Нет названия",IF(B5="","Нет описания",IF(A5<>TRIM(A5),"Лишние пробелы в названии",IF(COUNTIF($A$2:$A$500,A5)>1,"Дубль названия","OK")))))
C6: =IF(AND(A6="",B6=""),"",IF(A6="","Нет названия",IF(B6="","Нет описания",IF(A6<>TRIM(A6),"Лишние пробелы в названии",IF(COUNTIF($A$2:$A$500,A6)>1,"Дубль названия","OK")))))
C7: =IF(AND(A7="",B7=""),"",IF(A7="","Нет названия",IF(B7="","Нет описания",IF(A7<>TRIM(A7),"Лишние пробелы в названии",IF(COUNTIF($A$2:$A$500,A7)>1,"Дубль названия","OK")))))
C8: =IF(AND(A8="",B8=""),"",IF(A8="","Нет названия",IF(B8="","Нет описания",IF(A8<>TRIM(A8),"Лишние пробелы в названии",IF(COUNTIF($A$2:$A$500,A8)>1,"Дубль названия","OK")))))
C9: =IF(AND(A9="",B9=""),"",IF(A9="","Нет названия",IF(B9="","Нет описания",IF(A9<>TRIM(A9),"Лишние пробелы в названии",IF(COUNTIF($A$2:$A$500,A9)>1,"Дубль названия","OK")))))
C10: =IF(AND(A10="",B10=""),"",IF(A10="","Нет названия",IF(B10="","Нет описания",IF(A10<>TRIM(A10),"Лишние пробелы в названии",IF(COUNTIF($A$2:$A$500,A10)>1,"Дубль названия","OK")))))
C11: =IF(AND(A11="",B11=""),"",IF(A11="","Нет названия",IF(B11="","Нет описания",IF(A11<>TRIM(A11),"Лишние пробелы в названии",IF(COUNTIF($A$2:$A$500,A11)>1,"Дубль названия","OK")))))
C12: =IF(AND(A12="",B12=""),"",IF(A12="","Нет названия",IF(B12="","Нет описания",IF(A12<>TRIM(A12),"Лишние пробелы в названии",IF(COUNTIF($A$2:$A$500,A12)>1,"Дубль названия","OK")))))
C13: =IF(AND(A13="",B13=""),"",IF(A13="","Нет названия",IF(B13="","Нет описания",IF(A13<>TRIM(A13),"Лишние пробелы в названии",IF(COUNTIF($A$2:$A$500,A13)>1,"Дубль названия","OK")))))
... C500: =IF(AND(A500="",B500=""),"",IF(A500="","Нет названия",IF(B500="","Нет описания",IF(A500<>TRIM(A500),"Лишние пробелы в названии",IF(COUNTIF($A$2:$A$500,A500)>1,"Дубль названия","OK")))))

Sheet Состав
A1: Рецепт | B1: Ингредиент | C1: Количество, г | D1: Своё количество (целое число) | E1: Своя единица | F1: Проверка
F2: =IF(AND(A2="",B2=""),"",IF(COUNTIF(Рецепты!$A$2:$A$500,A2)=0,"Рецепта нет на листе «Рецепты»",IF(COUNTIF(Ингредиенты!$A$2:$A$1000,B2)=0,"Ингредиента нет на листе «Ингредиенты»",IF(OR(C2="",NOT(ISNUMBER(C2))),"Укажи граммы числом",IF(C2<=0,"Граммы должны быть больше 0",IF((D2="")<>(E2=""),"Своё количество и единица — вместе или оба пустые",IF(COUNTIFS($A$2:$A$2000,A2,$B$2:$B$2000,B2)>1,"Дубль: этот ингредиент уже есть в рецепте","OK")))))))
F3: =IF(AND(A3="",B3=""),"",IF(COUNTIF(Рецепты!$A$2:$A$500,A3)=0,"Рецепта нет на листе «Рецепты»",IF(COUNTIF(Ингредиенты!$A$2:$A$1000,B3)=0,"Ингредиента нет на листе «Ингредиенты»",IF(OR(C3="",NOT(ISNUMBER(C3))),"Укажи граммы числом",IF(C3<=0,"Граммы должны быть больше 0",IF((D3="")<>(E3=""),"Своё количество и единица — вместе или оба пустые",IF(COUNTIFS($A$2:$A$2000,A3,$B$2:$B$2000,B3)>1,"Дубль: этот ингредиент уже есть в рецепте","OK")))))))
F4: =IF(AND(A4="",B4=""),"",IF(COUNTIF(Рецепты!$A$2:$A$500,A4)=0,"Рецепта нет на листе «Рецепты»",IF(COUNTIF(Ингредиенты!$A$2:$A$1000,B4)=0,"Ингредиента нет на листе «Ингредиенты»",IF(OR(C4="",NOT(ISNUMBER(C4))),"Укажи граммы числом",IF(C4<=0,"Граммы должны быть больше 0",IF((D4="")<>(E4=""),"Своё количество и единица — вместе или оба пустые",IF(COUNTIFS($A$2:$A$2000,A4,$B$2:$B$2000,B4)>1,"Дубль: этот ингредиент уже есть в рецепте","OK")))))))
F5: =IF(AND(A5="",B5=""),"",IF(COUNTIF(Рецепты!$A$2:$A$500,A5)=0,"Рецепта нет на листе «Рецепты»",IF(COUNTIF(Ингредиенты!$A$2:$A$1000,B5)=0,"Ингредиента нет на листе «Ингредиенты»",IF(OR(C5="",NOT(ISNUMBER(C5))),"Укажи граммы числом",IF(C5<=0,"Граммы должны быть больше 0",IF((D5="")<>(E5=""),"Своё количество и единица — вместе или оба пустые",IF(COUNTIFS($A$2:$A$2000,A5,$B$2:$B$2000,B5)>1,"Дубль: этот ингредиент уже есть в рецепте","OK")))))))
F6: =IF(AND(A6="",B6=""),"",IF(COUNTIF(Рецепты!$A$2:$A$500,A6)=0,"Рецепта нет на листе «Рецепты»",IF(COUNTIF(Ингредиенты!$A$2:$A$1000,B6)=0,"Ингредиента нет на листе «Ингредиенты»",IF(OR(C6="",NOT(ISNUMBER(C6))),"Укажи граммы числом",IF(C6<=0,"Граммы должны быть больше 0",IF((D6="")<>(E6=""),"Своё количество и единица — вместе или оба пустые",IF(COUNTIFS($A$2:$A$2000,A6,$B$2:$B$2000,B6)>1,"Дубль: этот ингредиент уже есть в рецепте","OK")))))))
F7: =IF(AND(A7="",B7=""),"",IF(COUNTIF(Рецепты!$A$2:$A$500,A7)=0,"Рецепта нет на листе «Рецепты»",IF(COUNTIF(Ингредиенты!$A$2:$A$1000,B7)=0,"Ингредиента нет на листе «Ингредиенты»",IF(OR(C7="",NOT(ISNUMBER(C7))),"Укажи граммы числом",IF(C7<=0,"Граммы должны быть больше 0",IF((D7="")<>(E7=""),"Своё количество и единица — вместе или оба пустые",IF(COUNTIFS($A$2:$A$2000,A7,$B$2:$B$2000,B7)>1,"Дубль: этот ингредиент уже есть в рецепте","OK")))))))
F8: =IF(AND(A8="",B8=""),"",IF(COUNTIF(Рецепты!$A$2:$A$500,A8)=0,"Рецепта нет на листе «Рецепты»",IF(COUNTIF(Ингредиенты!$A$2:$A$1000,B8)=0,"Ингредиента нет на листе «Ингредиенты»",IF(OR(C8="",NOT(ISNUMBER(C8))),"Укажи граммы числом",IF(C8<=0,"Граммы должны быть больше 0",IF((D8="")<>(E8=""),"Своё количество и единица — вместе или оба пустые",IF(COUNTIFS($A$2:$A$2000,A8,$B$2:$B$2000,B8)>1,"Дубль: этот ингредиент уже есть в рецепте","OK")))))))
F9: =IF(AND(A9="",B9=""),"",IF(COUNTIF(Рецепты!$A$2:$A$500,A9)=0,"Рецепта нет на листе «Рецепты»",IF(COUNTIF(Ингредиенты!$A$2:$A$1000,B9)=0,"Ингредиента нет на листе «Ингредиенты»",IF(OR(C9="",NOT(ISNUMBER(C9))),"Укажи граммы числом",IF(C9<=0,"Граммы должны быть больше 0",IF((D9="")<>(E9=""),"Своё количество и единица — вместе или оба пустые",IF(COUNTIFS($A$2:$A$2000,A9,$B$2:$B$2000,B9)>1,"Дубль: этот ингредиент уже есть в рецепте","OK")))))))
F10: =IF(AND(A10="",B10=""),"",IF(COUNTIF(Рецепты!$A$2:$A$500,A10)=0,"Рецепта нет на листе «Рецепты»",IF(COUNTIF(Ингредиенты!$A$2:$A$1000,B10)=0,"Ингредиента нет на листе «Ингредиенты»",IF(OR(C10="",NOT(ISNUMBER(C10))),"Укажи граммы числом",IF(C10<=0,"Граммы должны быть больше 0",IF((D10="")<>(E10=""),"Своё количество и единица — вместе или оба пустые",IF(COUNTIFS($A$2:$A$2000,A10,$B$2:$B$2000,B10)>1,"Дубль: этот ингредиент уже есть в рецепте","OK")))))))
F11: =IF(AND(A11="",B11=""),"",IF(COUNTIF(Рецепты!$A$2:$A$500,A11)=0,"Рецепта нет на листе «Рецепты»",IF(COUNTIF(Ингредиенты!$A$2:$A$1000,B11)=0,"Ингредиента нет на листе «Ингредиенты»",IF(OR(C11="",NOT(ISNUMBER(C11))),"Укажи граммы числом",IF(C11<=0,"Граммы должны быть больше 0",IF((D11="")<>(E11=""),"Своё количество и единица — вместе или оба пустые",IF(COUNTIFS($A$2:$A$2000,A11,$B$2:$B$2000,B11)>1,"Дубль: этот ингредиент уже есть в рецепте","OK")))))))
F12: =IF(AND(A12="",B12=""),"",IF(COUNTIF(Рецепты!$A$2:$A$500,A12)=0,"Рецепта нет на листе «Рецепты»",IF(COUNTIF(Ингредиенты!$A$2:$A$1000,B12)=0,"Ингредиента нет на листе «Ингредиенты»",IF(OR(C12="",NOT(ISNUMBER(C12))),"Укажи граммы числом",IF(C12<=0,"Граммы должны быть больше 0",IF((D12="")<>(E12=""),"Своё количество и единица — вместе или оба пустые",IF(COUNTIFS($A$2:$A$2000,A12,$B$2:$B$2000,B12)>1,"Дубль: этот ингредиент уже есть в рецепте","OK")))))))
F13: =IF(AND(A13="",B13=""),"",IF(COUNTIF(Рецепты!$A$2:$A$500,A13)=0,"Рецепта нет на листе «Рецепты»",IF(COUNTIF(Ингредиенты!$A$2:$A$1000,B13)=0,"Ингредиента нет на листе «Ингредиенты»",IF(OR(C13="",NOT(ISNUMBER(C13))),"Укажи граммы числом",IF(C13<=0,"Граммы должны быть больше 0",IF((D13="")<>(E13=""),"Своё количество и единица — вместе или оба пустые",IF(COUNTIFS($A$2:$A$2000,A13,$B$2:$B$2000,B13)>1,"Дубль: этот ингредиент уже есть в рецепте","OK")))))))
... F2000: =IF(AND(A2000="",B2000=""),"",IF(COUNTIF(Рецепты!$A$2:$A$500,A2000)=0,"Рецепта нет на листе «Рецепты»",IF(COUNTIF(Ингредиенты!$A$2:$A$1000,B2000)=0,"Ингредиента нет на листе «Ингредиенты»",IF(OR(C2000="",NOT(ISNUMBER(C2000))),"Укажи граммы числом",IF(C2000<=0,"Граммы должны быть больше 0",IF((D2000="")<>(E2000=""),"Своё количество и единица — вместе или оба пустые",IF(COUNTIFS($A$2:$A$2000,A2000,$B$2:$B$2000,B2000)>1,"Дубль: этот ингредиент уже есть в рецепте","OK")))))))
